stock,year,bbmsy,ffmsy,bbmsy.effEdepP,ffmsy.effEdepP
Lobatus gigas,1950,1.54624364975161,0.0217212167528747,1.54624364975161,0.0217212167528747
Lobatus gigas,1951,1.38711957759155,0.0242129763083055,1.38711957759155,0.0242129763083055
Lobatus gigas,1952,1.20661909362995,0.027835042265054,1.20661909362995,0.027835042265054
Lobatus gigas,1953,1.34967651182116,0.0497693975924525,1.34967651182116,0.0497693975924525
Lobatus gigas,1954,1.21743326914197,0.055175580165773,1.21743326914197,0.055175580165773
Lobatus gigas,1955,1.03046623081798,0.0651865970267653,1.03046623081798,0.0651865970267653
Lobatus gigas,1956,0.850296848212243,0.0789989838010721,0.850296848212243,0.0789989838010721
Lobatus gigas,1957,0.615513609480982,0.0545662889522974,0.615513609480982,0.0545662889522974
Lobatus gigas,1958,0.727861210955639,0.0922876311128435,0.727861210955639,0.0922876311128435
Lobatus gigas,1959,0.835524934305546,0.120593505076876,0.835524934305546,0.120593505076876
Lobatus gigas,1960,0.754485539138245,0.133546469985517,0.754485539138245,0.133546469985517
Lobatus gigas,1961,0.534838239216232,0.0941956586300631,0.534838239216232,0.0941956586300631
Lobatus gigas,1962,0.510097540067922,0.131685769214016,0.510097540067922,0.131685769214016
Lobatus gigas,1963,0.473954248215648,0.141727998411058,0.473954248215648,0.141727998411058
Lobatus gigas,1964,0.416313070541198,0.161351136179075,0.416313070541198,0.161351136179075
Lobatus gigas,1965,0.336750474051887,0.0997364400557184,0.336750474051887,0.0997364400557184
Lobatus gigas,1966,0.463043083686352,0.145067682262417,0.463043083686352,0.145067682262417
Lobatus gigas,1967,0.744242836012445,0.225640690402623,0.744242836012445,0.225640690402623
Lobatus gigas,1968,0.851511073926681,0.15777266789558,0.851511073926681,0.15777266789558
Lobatus gigas,1969,1.18274007858575,0.227176158664861,1.18274007858575,0.227176158664861
Lobatus gigas,1970,1.31941133230195,0.203644110956139,1.31941133230195,0.203644110956139
Lobatus gigas,1971,1.51505792936761,0.221683229518688,1.51505792936761,0.221683229518688
Lobatus gigas,1972,1.62257801053378,0.248392076690071,1.62257801053378,0.248392076690071
Lobatus gigas,1973,1.49874334097551,0.246506001433608,1.49874334097551,0.246506001433608
Lobatus gigas,1974,1.29093311169436,0.230511215058126,1.29093311169436,0.230511215058126
Lobatus gigas,1975,1.19539409145013,0.228704852059371,1.19539409145013,0.228704852059371
Lobatus gigas,1976,1.24105230349754,0.195393085499186,1.24105230349754,0.195393085499186
Lobatus gigas,1977,1.89223606085969,0.358540428494838,1.89223606085969,0.358540428494838
Lobatus gigas,1978,1.86447776215167,0.317042539768572,1.86447776215167,0.317042539768572
Lobatus gigas,1979,1.66119989462947,0.309336818366753,1.66119989462947,0.309336818366753
Lobatus gigas,1980,1.43826291055713,0.288163491087348,1.43826291055713,0.288163491087348
Lobatus gigas,1981,1.33453983672305,0.284889841132635,1.33453983672305,0.284889841132635
Lobatus gigas,1982,1.38028029374463,0.305378541551554,1.38028029374463,0.305378541551554
Lobatus gigas,1983,1.49601548008379,0.339900549085457,1.49601548008379,0.339900549085457
Lobatus gigas,1984,1.54383350800907,0.387023702824174,1.54383350800907,0.387023702824174
Lobatus gigas,1985,1.27626499508689,0.370004104157178,1.27626499508689,0.370004104157178
Lobatus gigas,1986,0.973332424673464,0.301586793450997,0.973332424673464,0.301586793450997
Lobatus gigas,1987,0.960208044826996,0.345933825693332,0.960208044826996,0.345933825693332
Lobatus gigas,1988,0.951739115655523,0.377243586270418,0.951739115655523,0.377243586270418
Lobatus gigas,1989,0.905846962364844,0.308482528806695,0.905846962364844,0.308482528806695
Lobatus gigas,1990,1.07971580412743,0.390076831784236,1.07971580412743,0.390076831784236
Lobatus gigas,1991,1.23014986932117,0.425101528158573,1.23014986932117,0.425101528158573
Lobatus gigas,1992,1.24923140161691,0.42237224401758,1.24923140161691,0.42237224401758
Lobatus gigas,1993,1.21453185614707,0.436928380366923,1.21453185614707,0.436928380366923
Lobatus gigas,1994,1.08605792820241,0.4369696260149,1.08605792820241,0.4369696260149
Lobatus gigas,1995,0.939334950782976,0.366850366533062,0.939334950782976,0.366850366533062
Lobatus gigas,1996,1.02046143509108,0.363686985191602,1.02046143509108,0.363686985191602
Lobatus gigas,1997,1.36413385784621,0.474199807073535,1.36413385784621,0.474199807073535
Lobatus gigas,1998,1.22217906440096,0.51965937561718,1.22217906440096,0.51965937561718
Lobatus gigas,1999,0.91771623523067,0.38464171255571,0.91771623523067,0.38464171255571
Lobatus gigas,2000,1.13653247355504,0.515674505279199,1.13653247355504,0.515674505279199
Lobatus gigas,2001,1.2493099350692,0.532300746211208,1.2493099350692,0.532300746211208
Lobatus gigas,2002,1.08264243529715,0.428110736066921,1.08264243529715,0.428110736066921
Lobatus gigas,2003,1.22186281200744,0.486533666921907,1.22186281200744,0.486533666921907
Lobatus gigas,2004,1.40640857842995,0.501737572286191,1.40640857842995,0.501737572286191
Lobatus gigas,2005,1.36699076709954,0.524804735894628,1.36699076709954,0.524804735894628
Lobatus gigas,2006,1.35155460835495,0.580498790493595,1.35155460835495,0.580498790493595
Lobatus gigas,2007,1.25065729911862,0.52877324497356,1.25065729911862,0.52877324497356
Lobatus gigas,2008,1.23589559658963,0.565253979448707,1.23589559658963,0.565253979448707
Lobatus gigas,2009,1.24545848691611,0.674175290100881,1.24545848691611,0.674175290100881
Lobatus gigas,2010,1.315803916139,0.611331003591447,1.315803916139,0.611331003591447
Lobatus gigas,2011,1.47487837941422,0.662216917483563,1.47487837941422,0.662216917483563
Lobatus gigas,2012,1.60676306073162,0.757945605640079,1.60676306073162,0.757945605640079
Lobatus gigas,2013,1.44073485019064,0.713344707401045,1.44073485019064,0.713344707401045
Lobatus gigas,2014,1.2228691221585,0.591050196915049,1.2228691221585,0.591050196915049
Lobatus gigas,2015,1.2710644402532,0.620693970031843,1.2710644402532,0.620693970031843
Lobatus gigas,2016,1.4109039259519,0.660821399352689,1.4109039259519,0.660821399352689
Lobatus gigas,2017,1.52777219253806,0.666549910355851,1.52777219253806,0.666549910355851
Lobatus gigas,2018,1.62743329614957,0.842426231937569,1.62743329614957,0.842426231937569
Lobatus gigas,2019,1.18955193159589,1.21069137521306,1.18955193159589,1.21069137521306
Lobatus gigas_2,1950,1.24932358652484,0.006900225797146,1.24932358652484,0.006900225797146
Lobatus gigas_2,1951,0.587977656905177,0.0146614667062288,0.587977656905177,0.0146614667062288
Lobatus gigas_2,1952,0.455495736578717,0.0189257860138761,0.455495736578717,0.0189257860138761
Lobatus gigas_2,1953,0.414933325004258,0.0207759037928159,0.414933325004258,0.0207759037928159
Lobatus gigas_2,1954,0.400434502959445,0.0215281519874294,0.400434502959445,0.0215281519874294
Lobatus gigas_2,1955,0.396340303262497,0.0217505380345138,0.396340303262497,0.0217505380345138
Lobatus gigas_2,1956,0.392686201619476,0.0219529354613669,0.392686201619476,0.0219529354613669
Lobatus gigas_2,1957,0.39394901278749,0.0218825649028138,0.39394901278749,0.0218825649028138
Lobatus gigas_2,1958,0.393833467629278,0.0218889849372487,0.393833467629278,0.0218889849372487
Lobatus gigas_2,1959,0.393808378989427,0.0218903794349006,0.393808378989427,0.0218903794349006
Lobatus gigas_2,1960,0.395649282645983,0.0217885264016394,0.395649282645983,0.0217885264016394
Lobatus gigas_2,1961,0.396055412358261,0.0217661836493822,0.396055412358261,0.0217661836493822
Lobatus gigas_2,1962,0.394644094884472,0.0218440233933952,0.394644094884472,0.0218440233933952
Lobatus gigas_2,1963,0.394925608561945,0.0218284523814807,0.394925608561945,0.0218284523814807
Lobatus gigas_2,1964,0.392424184097036,0.0219675932067175,0.392424184097036,0.0219675932067175
Lobatus gigas_2,1965,0.392063210905068,0.0219878188030476,0.392063210905068,0.0219878188030476
Lobatus gigas_2,1966,0.393037870237325,0.0219332931849961,0.393037870237325,0.0219332931849961
Lobatus gigas_2,1967,0.391391702065128,0.0220255431968438,0.391391702065128,0.0220255431968438
Lobatus gigas_2,1968,0.394158381660397,0.0218709413317744,0.394158381660397,0.0218709413317744
Lobatus gigas_2,1969,0.394375867613864,0.0218588801918331,0.394375867613864,0.0218588801918331
Lobatus gigas_2,1970,0.395377944523358,0.0218034793294151,0.395377944523358,0.0218034793294151
Lobatus gigas_2,1971,0.396670122143056,0.0217324531380075,0.396670122143056,0.0217324531380075
Lobatus gigas_2,1972,0.395326527539159,0.0218063151349432,0.395326527539159,0.0218063151349432
Lobatus gigas_2,1973,0.396462407361842,0.0217438392156406,0.396462407361842,0.0217438392156406
Lobatus gigas_2,1974,0.393373555464834,0.021914576414612,0.393373555464834,0.021914576414612
Lobatus gigas_2,1975,0.393383153127477,0.021914041748321,0.393383153127477,0.021914041748321
Lobatus gigas_2,1976,0.391284295293083,0.0220315891652758,0.391284295293083,0.0220315891652758
Lobatus gigas_2,1977,0.393067317272979,0.021931650030152,0.393067317272979,0.021931650030152
Lobatus gigas_2,1978,0.394457475276922,0.0218543578992127,0.394457475276922,0.0218543578992127
Lobatus gigas_2,1979,0.390876768101225,0.0220545592479142,0.390876768101225,0.0220545592479142
Lobatus gigas_2,1980,0.392627321218902,0.021956227635813,0.392627321218902,0.021956227635813
Lobatus gigas_2,1981,0.392360756321186,0.0219711444170651,0.392360756321186,0.0219711444170651
Lobatus gigas_2,1982,0.394676894692507,0.0218422080356085,0.394676894692507,0.0218422080356085
Lobatus gigas_2,1983,0.392050224183094,0.0219885471528151,0.392050224183094,0.0219885471528151
Lobatus gigas_2,1984,0.393041371531403,0.0219330977986701,0.393041371531403,0.0219330977986701
Lobatus gigas_2,1985,0.393242690470641,0.0219218692416237,0.393242690470641,0.0219218692416237
Lobatus gigas_2,1986,0.393465474414213,0.0219094568679907,0.393465474414213,0.0219094568679907
Lobatus gigas_2,1987,0.393185522107308,0.0219250566361621,0.393185522107308,0.0219250566361621
Lobatus gigas_2,1988,0.394110458078029,0.0218736008244037,0.394110458078029,0.0218736008244037
Lobatus gigas_2,1989,0.39292276095065,0.0219397186863512,0.39292276095065,0.0219397186863512
Lobatus gigas_2,1990,0.393067462824653,0.0219316419089294,0.393067462824653,0.0219316419089294
Lobatus gigas_2,1991,0.396430784529457,0.0217455736969416,0.396430784529457,0.0217455736969416
Lobatus gigas_2,1992,0.396510921791428,0.0217411787846195,0.396510921791428,0.0217411787846195
Lobatus gigas_2,1993,0.398380678871778,0.0216391388888022,0.398380678871778,0.0216391388888022
Lobatus gigas_2,1994,0.404641991765392,0.0213043011258205,0.404641991765392,0.0213043011258205
Lobatus gigas_2,1995,0.42560192312073,0.0202551125180801,0.42560192312073,0.0202551125180801
Lobatus gigas_2,1996,0.488436590493725,0.0176494042594306,0.488436590493725,0.0176494042594306
Lobatus gigas_2,1997,0.699463747517632,0.024649211260243,0.699463747517632,0.024649211260243
Lobatus gigas_2,1998,0.870408927932463,0.0194887078789923,0.870408927932463,0.0194887078789923
Lobatus gigas_2,1999,1.22748802374741,0.0206158229923154,1.22748802374741,0.0206158229923154
Lobatus gigas_2,2000,1.89645607865901,0.0218484195714686,1.89645607865901,0.0218484195714686
Lobatus gigas_2,2001,3.05082655751557,0.0331332047923831,3.05082655751557,0.0331332047923831
Lobatus gigas_2,2002,3.09964107266866,0.0254790646605427,3.09964107266866,0.0254790646605427
Lobatus gigas_2,2003,3.46506269393205,0.0294932610292941,3.46506269393205,0.0294932610292941
Lobatus gigas_2,2004,3.60036842056519,0.0295820575824983,3.60036842056519,0.0295820575824983
Lobatus gigas_2,2005,4.15535576079117,0.0384466380497428,4.15535576079117,0.0384466380497428
Lobatus gigas_2,2006,3.96535395715596,0.070409020257992,3.96535395715596,0.070409020257992
Lobatus gigas_2,2007,2.8698725142169,0.0431195236038484,2.8698725142169,0.0431195236038484
Lobatus gigas_2,2008,3.65191329454469,0.0785842997203203,3.65191329454469,0.0785842997203203
Lobatus gigas_2,2009,1.57241963782406,0.321515539233197,1.57241963782406,0.321515539233197
Lobatus gigas_2,2010,1.24400813596137,0.667263950983004,1.24400813596137,0.667263950983004
Lobatus gigas_2,2011,1.08033140710036,0.726015094234835,1.08033140710036,0.726015094234835
Lobatus gigas_2,2012,1.06910923012491,0.996475489767229,1.06910923012491,0.996475489767229
Lobatus gigas_2,2013,1.28823901702701,1.06388542761484,1.28823901702701,1.06388542761484
Lobatus gigas_2,2014,1.54759446352522,1.07758969449681,1.54759446352522,1.07758969449681
Lobatus gigas_2,2015,1.6904136273961,0.918029580662582,1.6904136273961,0.918029580662582
Lobatus gigas_2,2016,1.70066722358149,0.757073765673445,1.70066722358149,0.757073765673445
Lobatus gigas_2,2017,1.59526056376756,0.960498116515912,1.59526056376756,0.960498116515912
Lobatus gigas_2,2018,1.38373774515718,1.24548727770256,1.38373774515718,1.24548727770256
Lobatus gigas_2,2019,0.992361049579255,1.63249262203584,0.992361049579255,1.63249262203584
Lutjanus synagris,1950,1.21076154250085,0.0651631113551572,1.21076154250085,0.0651631113551572
Lutjanus synagris,1951,0.728482560132228,0.108303195623797,0.728482560132228,0.108303195623797
Lutjanus synagris,1952,0.611841358037968,0.128950075345559,0.611841358037968,0.128950075345559
Lutjanus synagris,1953,0.573486592255492,0.137574252448043,0.573486592255492,0.137574252448043
Lutjanus synagris,1954,0.562290246186404,0.14031363651357,0.562290246186404,0.14031363651357
Lutjanus synagris,1955,0.562700200721214,0.140211411187347,0.562700200721214,0.140211411187347
Lutjanus synagris,1956,0.567823496997867,0.13894632687034,0.567823496997867,0.13894632687034
Lutjanus synagris,1957,0.594221670135608,0.132773665424419,0.594221670135608,0.132773665424419
Lutjanus synagris,1958,0.673126818628453,0.117209695164551,0.673126818628453,0.117209695164551
Lutjanus synagris,1959,0.944161680007136,0.167126014302823,0.944161680007136,0.167126014302823
Lutjanus synagris,1960,1.08595256707964,0.145304669117724,1.08595256707964,0.145304669117724
Lutjanus synagris,1961,1.22437930176341,0.12887671182434,1.22437930176341,0.12887671182434
Lutjanus synagris,1962,1.56004658378558,0.171949841838732,1.56004658378558,0.171949841838732
Lutjanus synagris,1963,1.54754608059573,0.132553191494756,1.54754608059573,0.132553191494756
Lutjanus synagris,1964,1.70245535714487,0.129760565459028,1.70245535714487,0.129760565459028
Lutjanus synagris,1965,2.17573003092852,0.15230168725317,2.17573003092852,0.15230168725317
Lutjanus synagris,1966,2.60718689856787,0.145254468890183,2.60718689856787,0.145254468890183
Lutjanus synagris,1967,3.35968842119609,0.187867395609112,3.35968842119609,0.187867395609112
Lutjanus synagris,1968,3.40646582322901,0.166758849743842,3.40646582322901,0.166758849743842
Lutjanus synagris,1969,3.63496130221294,0.186663364714843,3.63496130221294,0.186663364714843
Lutjanus synagris,1970,3.22888088149857,0.15149562684636,3.22888088149857,0.15149562684636
Lutjanus synagris,1971,3.53853757945777,0.178371968525178,3.53853757945777,0.178371968525178
Lutjanus synagris,1972,3.49019099181948,0.167279590597053,3.49019099181948,0.167279590597053
Lutjanus synagris,1973,3.57451912654768,0.176576454455231,3.57451912654768,0.176576454455231
Lutjanus synagris,1974,3.60315459367746,0.179552471250368,3.60315459367746,0.179552471250368
Lutjanus synagris,1975,3.37610333640004,0.182280118404401,3.37610333640004,0.182280118404401
Lutjanus synagris,1976,2.69858953727554,0.198807384107629,2.69858953727554,0.198807384107629
Lutjanus synagris,1977,1.38930071075571,0.340733961802736,1.38930071075571,0.340733961802736
Lutjanus synagris,1978,0.902322746514525,0.314775574797191,0.902322746514525,0.314775574797191
Lutjanus synagris,1979,0.751888788997787,0.377754217568904,0.751888788997787,0.377754217568904
Lutjanus synagris,1980,0.634897809130773,0.332042026543639,0.634897809130773,0.332042026543639
Lutjanus synagris,1981,0.637760862465647,0.337973976188638,0.637760862465647,0.337973976188638
Lutjanus synagris,1982,0.713239034888948,0.380304267804863,0.713239034888948,0.380304267804863
Lutjanus synagris,1983,0.728563335270469,0.405442208431334,0.728563335270469,0.405442208431334
Lutjanus synagris,1984,0.732978209205353,0.454021001367182,0.732978209205353,0.454021001367182
Lutjanus synagris,1985,0.675296605215892,0.417094132170391,0.675296605215892,0.417094132170391
Lutjanus synagris,1986,0.676609970531058,0.428877993207779,0.676609970531058,0.428877993207779
Lutjanus synagris,1987,0.658103349382988,0.431107930837633,0.658103349382988,0.431107930837633
Lutjanus synagris,1988,0.685452005673984,0.462019969453244,0.685452005673984,0.462019969453244
Lutjanus synagris,1989,0.710849931848746,0.45039602299195,0.710849931848746,0.45039602299195
Lutjanus synagris,1990,0.682301229509276,0.404949081569137,0.682301229509276,0.404949081569137
Lutjanus synagris,1991,0.685334728850964,0.367699130009752,0.685334728850964,0.367699130009752
Lutjanus synagris,1992,0.673402918530181,0.338597134890971,0.673402918530181,0.338597134890971
Lutjanus synagris,1993,0.767388867710282,0.246955065517636,0.767388867710282,0.246955065517636
Lutjanus synagris,1994,0.869372394055528,0.32416493486055,0.869372394055528,0.32416493486055
Lutjanus synagris,1995,0.948300255504626,0.323308676048007,0.948300255504626,0.323308676048007
Lutjanus synagris,1996,1.0596808251817,0.275180285631448,1.0596808251817,0.275180285631448
Lutjanus synagris,1997,1.34278622946828,0.29049055325124,1.34278622946828,0.29049055325124
Lutjanus synagris,1998,1.50211855133264,0.274069239992427,1.50211855133264,0.274069239992427
Lutjanus synagris,1999,1.40792467101933,0.191873398232767,1.40792467101933,0.191873398232767
Lutjanus synagris,2000,1.5919527749312,0.20953917457152,1.5919527749312,0.20953917457152
Lutjanus synagris,2001,1.46695219554468,0.203407046344594,1.46695219554468,0.203407046344594
Lutjanus synagris,2002,1.32624929432066,0.219394722759843,1.32624929432066,0.219394722759843
Lutjanus synagris,2003,0.976573111069732,0.173697724109994,0.976573111069732,0.173697724109994
Lutjanus synagris,2004,0.825485389426686,0.166494231126397,0.825485389426686,0.166494231126397
Lutjanus synagris,2005,0.792540940928481,0.138174591847609,0.792540940928481,0.138174591847609
Lutjanus synagris,2006,1.00647121782913,0.177003970406309,1.00647121782913,0.177003970406309
Lutjanus synagris,2007,1.21971686199844,0.162746643141893,1.21971686199844,0.162746643141893
Lutjanus synagris,2008,1.39594454538461,0.18617264084385,1.39594454538461,0.18617264084385
Lutjanus synagris,2009,1.37893625502839,0.14509935751458,1.37893625502839,0.14509935751458
Lutjanus synagris,2010,1.41032552499509,0.171631271385574,1.41032552499509,0.171631271385574
Lutjanus synagris,2011,1.34323845320509,0.150365180446919,1.34323845320509,0.150365180446919
Lutjanus synagris,2012,1.51140690556438,0.176961473754102,1.51140690556438,0.176961473754102
Lutjanus synagris,2013,1.3519797050101,0.140639495779431,1.3519797050101,0.140639495779431
Lutjanus synagris,2014,1.28300933594308,0.130366640723099,1.28300933594308,0.130366640723099
Lutjanus synagris,2015,1.35671890393102,0.159222338433123,1.35671890393102,0.159222338433123
Lutjanus synagris,2016,1.25409963746732,0.152496895902092,1.25409963746732,0.152496895902092
Lutjanus synagris,2017,1.06934057305405,0.136347240299153,1.06934057305405,0.136347240299153
Lutjanus synagris,2018,0.968580065128844,0.133099663129987,0.968580065128844,0.133099663129987
Lutjanus synagris,2019,0.95492137054186,0.160583052150264,0.95492137054186,0.160583052150264
Ocyurus chrysurus,1950,1.43792343432489,0.201697307137132,1.43792343432489,0.201697307137132
Ocyurus chrysurus,1951,1.35336838233057,0.214298847497286,1.35336838233057,0.214298847497286
Ocyurus chrysurus,1952,1.32039781063147,0.219649928406049,1.32039781063147,0.219649928406049
Ocyurus chrysurus,1953,1.31816866714404,0.220021376476107,1.31816866714404,0.220021376476107
Ocyurus chrysurus,1954,1.31145553778989,0.22114763041183,1.31145553778989,0.22114763041183
Ocyurus chrysurus,1955,1.32029194724613,0.21966754033276,1.32029194724613,0.21966754033276
Ocyurus chrysurus,1956,1.33826865655528,0.216716787882662,1.33826865655528,0.216716787882662
Ocyurus chrysurus,1957,1.39434478246991,0.208001125847053,1.39434478246991,0.208001125847053
Ocyurus chrysurus,1958,1.55555526801243,0.186444860260914,1.55555526801243,0.186444860260914
Ocyurus chrysurus,1959,2.17639034566885,0.266519547056322,2.17639034566885,0.266519547056322
Ocyurus chrysurus,1960,2.42501398340954,0.239194731706194,2.42501398340954,0.239194731706194
Ocyurus chrysurus,1961,2.54097572402931,0.228278674077849,2.54097572402931,0.228278674077849
Ocyurus chrysurus,1962,2.65097276866859,0.240687355826898,2.65097276866859,0.240687355826898
Ocyurus chrysurus,1963,2.66257468834426,0.239638583230405,2.66257468834426,0.239638583230405
Ocyurus chrysurus,1964,2.54089521749974,0.205457316238554,2.54089521749974,0.205457316238554
Ocyurus chrysurus,1965,2.97146404261439,0.234248395064569,2.97146404261439,0.234248395064569
Ocyurus chrysurus,1966,3.62470556327085,0.256043117001531,3.62470556327085,0.256043117001531
Ocyurus chrysurus,1967,4.61917429637949,0.376723543166616,4.61917429637949,0.376723543166616
Ocyurus chrysurus,1968,2.86614519234429,0.242856044011215,2.86614519234429,0.242856044011215
Ocyurus chrysurus,1969,2.20714125065156,0.210245019515332,2.20714125065156,0.210245019515332
Ocyurus chrysurus,1970,1.99574598928832,0.203450439375093,1.99574598928832,0.203450439375093
Ocyurus chrysurus,1971,2.09502982596423,0.221495870638862,2.09502982596423,0.221495870638862
Ocyurus chrysurus,1972,2.27037051262616,0.229938465694313,2.27037051262616,0.229938465694313
Ocyurus chrysurus,1973,2.4029397228754,0.265531265718329,2.4029397228754,0.265531265718329
Ocyurus chrysurus,1974,2.03624815005971,0.199403691730737,2.03624815005971,0.199403691730737
Ocyurus chrysurus,1975,2.13594412386804,0.217253087349489,2.13594412386804,0.217253087349489
Ocyurus chrysurus,1976,2.34945462953796,0.27157605771065,2.34945462953796,0.27157605771065
Ocyurus chrysurus,1977,1.99486944789241,0.232616954360894,1.99486944789241,0.232616954360894
Ocyurus chrysurus,1978,1.65811280803666,0.209895454519373,1.65811280803666,0.209895454519373
Ocyurus chrysurus,1979,1.51817809001931,0.229242105241304,1.51817809001931,0.229242105241304
Ocyurus chrysurus,1980,1.33037847361558,0.257242463391423,1.33037847361558,0.257242463391423
Ocyurus chrysurus,1981,0.974564547302337,0.445201733350319,0.974564547302337,0.445201733350319
Ocyurus chrysurus,1982,0.970946615160374,0.572913574366363,0.970946615160374,0.572913574366363
Ocyurus chrysurus,1983,0.892375999321102,0.59995638131071,0.892375999321102,0.59995638131071
Ocyurus chrysurus,1984,0.832625606493283,0.625593792732801,0.832625606493283,0.625593792732801
Ocyurus chrysurus,1985,0.814898308138764,0.674081518509139,0.814898308138764,0.674081518509139
Ocyurus chrysurus,1986,0.812108812684814,0.645684058979624,0.812108812684814,0.645684058979624
Ocyurus chrysurus,1987,0.818148567195133,0.758608074219805,0.818148567195133,0.758608074219805
Ocyurus chrysurus,1988,0.751232669858402,0.657084088789414,0.751232669858402,0.657084088789414
Ocyurus chrysurus,1989,0.768552059190619,0.715485610862786,0.768552059190619,0.715485610862786
Ocyurus chrysurus,1990,0.710949103733754,0.603752672186155,0.710949103733754,0.603752672186155
Ocyurus chrysurus,1991,0.728955516239469,0.560192757419538,0.728955516239469,0.560192757419538
Ocyurus chrysurus,1992,0.744838201145295,0.58017657170223,0.744838201145295,0.58017657170223
Ocyurus chrysurus,1993,0.770387279970929,0.405831281094329,0.770387279970929,0.405831281094329
Ocyurus chrysurus,1994,0.758878878387046,0.452496368938269,0.758878878387046,0.452496368938269
Ocyurus chrysurus,1995,0.805462101637414,0.426326621992533,0.805462101637414,0.426326621992533
Ocyurus chrysurus,1996,1.05660239698194,0.645597124579178,1.05660239698194,0.645597124579178
Ocyurus chrysurus,1997,0.947457980883791,0.44508228573404,0.947457980883791,0.44508228573404
Ocyurus chrysurus,1998,0.794406410778972,0.333687022791673,0.794406410778972,0.333687022791673
Ocyurus chrysurus,1999,0.763172777574551,0.310861039271411,0.763172777574551,0.310861039271411
Ocyurus chrysurus,2000,0.801433686963561,0.295296586680775,0.801433686963561,0.295296586680775
Ocyurus chrysurus,2001,0.786540164051931,0.304575527107143,0.786540164051931,0.304575527107143
Ocyurus chrysurus,2002,0.773683553778804,0.277398568879445,0.773683553778804,0.277398568879445
Ocyurus chrysurus,2003,0.809769916947352,0.313029779708433,0.809769916947352,0.313029779708433
Ocyurus chrysurus,2004,0.794062350960931,0.319952392879777,0.794062350960931,0.319952392879777
Ocyurus chrysurus,2005,0.693454778379762,0.250102999621266,0.693454778379762,0.250102999621266
Ocyurus chrysurus,2006,0.681110127645363,0.25122944286477,0.681110127645363,0.25122944286477
Ocyurus chrysurus,2007,0.724683616580349,0.25853535190718,0.724683616580349,0.25853535190718
Ocyurus chrysurus,2008,0.718045300046099,0.238306577435868,0.718045300046099,0.238306577435868
Ocyurus chrysurus,2009,0.780119751937895,0.271392253833012,0.780119751937895,0.271392253833012
Ocyurus chrysurus,2010,0.701491058362461,0.242276526170331,0.701491058362461,0.242276526170331
Ocyurus chrysurus,2011,0.662581952035085,0.264382800261724,0.662581952035085,0.264382800261724
Ocyurus chrysurus,2012,0.637979827516226,0.233664122031476,0.637979827516226,0.233664122031476
Ocyurus chrysurus,2013,0.609996864204713,0.235825050241219,0.609996864204713,0.235825050241219
Ocyurus chrysurus,2014,0.558149027480808,0.231750429635703,0.558149027480808,0.231750429635703
Ocyurus chrysurus,2015,0.48385748371186,0.208591997496944,0.48385748371186,0.208591997496944
Ocyurus chrysurus,2016,0.454412396233504,0.201684616627142,0.454412396233504,0.201684616627142
Ocyurus chrysurus,2017,0.473212985759894,0.208381003315817,0.473212985759894,0.208381003315817
Ocyurus chrysurus,2018,0.525759401352181,0.206310065309767,0.525759401352181,0.206310065309767
Ocyurus chrysurus,2019,0.634952706958801,0.157127762114549,0.634952706958801,0.157127762114549
Panulirus argus,1950,1.10104714076696,0.0473814384639349,1.10104714076696,0.0473814384639349
Panulirus argus,1951,0.723544638344735,0.0610095972602097,0.723544638344735,0.0610095972602097
Panulirus argus,1952,0.617792702227975,0.0844445024326137,0.617792702227975,0.0844445024326137
Panulirus argus,1953,0.56282605595815,0.085561394423519,0.56282605595815,0.085561394423519
Panulirus argus,1954,0.644732085978902,0.112037658462165,0.644732085978902,0.112037658462165
Panulirus argus,1955,0.785269036510544,0.117538505734303,0.785269036510544,0.117538505734303
Panulirus argus,1956,1.10563297037196,0.159702788061197,1.10563297037196,0.159702788061197
Panulirus argus,1957,1.40617628261775,0.196915600750369,1.40617628261775,0.196915600750369
Panulirus argus,1958,1.39053493540661,0.161613235586016,1.39053493540661,0.161613235586016
Panulirus argus,1959,1.58112531547536,0.210660253630225,1.58112531547536,0.210660253630225
Panulirus argus,1960,1.57622800463402,0.213860732183826,1.57622800463402,0.213860732183826
Panulirus argus,1961,1.50982101466649,0.231240867168761,1.50982101466649,0.231240867168761
Panulirus argus,1962,1.37692135839588,0.233158714896984,1.37692135839588,0.233158714896984
Panulirus argus,1963,1.28463393372138,0.246784855152423,1.28463393372138,0.246784855152423
Panulirus argus,1964,1.2278112925612,0.24186381502934,1.2278112925612,0.24186381502934
Panulirus argus,1965,1.3243965947385,0.299976989102129,1.3243965947385,0.299976989102129
Panulirus argus,1966,1.2961267721023,0.303423628113482,1.2961267721023,0.303423628113482
Panulirus argus,1967,1.21380878716788,0.297552110398888,1.21380878716788,0.297552110398888
Panulirus argus,1968,1.20660774492259,0.315957231129272,1.20660774492259,0.315957231129272
Panulirus argus,1969,1.22698359082479,0.379393632006015,1.22698359082479,0.379393632006015
Panulirus argus,1970,1.05424963217892,0.319747111946321,1.05424963217892,0.319747111946321
Panulirus argus,1971,1.04057068549507,0.366372460284617,1.04057068549507,0.366372460284617
Panulirus argus,1972,1.01891506032721,0.378097716213589,1.01891506032721,0.378097716213589
Panulirus argus,1973,0.992852313392157,0.388022923579758,0.992852313392157,0.388022923579758
Panulirus argus,1974,1.02040997005181,0.414904904857349,1.02040997005181,0.414904904857349
Panulirus argus,1975,1.04473087715029,0.381930033965073,1.04473087715029,0.381930033965073
Panulirus argus,1976,1.10133528712413,0.409596461414444,1.10133528712413,0.409596461414444
Panulirus argus,1977,1.05954717963282,0.315118448176144,1.05954717963282,0.315118448176144
Panulirus argus,1978,1.22292072004253,0.377897618880093,1.22292072004253,0.377897618880093
Panulirus argus,1979,1.34223428019304,0.361227917703713,1.34223428019304,0.361227917703713
Panulirus argus,1980,1.36383947722336,0.337968603583375,1.36383947722336,0.337968603583375
Panulirus argus,1981,1.42309550052989,0.349359864129712,1.42309550052989,0.349359864129712
Panulirus argus,1982,1.48041532736904,0.347245286585962,1.48041532736904,0.347245286585962
Panulirus argus,1983,1.45454189400237,0.339682501450835,1.45454189400237,0.339682501450835
Panulirus argus,1984,1.55614748830614,0.355102710060307,1.55614748830614,0.355102710060307
Panulirus argus,1985,1.68295542420726,0.369002107985496,1.68295542420726,0.369002107985496
Panulirus argus,1986,1.69237163382268,0.339537505951869,1.69237163382268,0.339537505951869
Panulirus argus,1987,1.72450453480329,0.345614060488248,1.72450453480329,0.345614060488248
Panulirus argus,1988,1.7085353411258,0.313565375967028,1.7085353411258,0.313565375967028
Panulirus argus,1989,1.78200026236902,0.316447143734038,1.78200026236902,0.316447143734038
Panulirus argus,1990,1.8187275961156,0.248804489862321,1.8187275961156,0.248804489862321
Panulirus argus,1991,1.92732683857146,0.256835225144361,1.92732683857146,0.256835225144361
Panulirus argus,1992,1.93515595487917,0.243768432862036,1.93515595487917,0.243768432862036
Panulirus argus,1993,1.91200135897291,0.241977087508554,1.91200135897291,0.241977087508554
Panulirus argus,1994,1.85941303780112,0.281539292050837,1.85941303780112,0.281539292050837
Panulirus argus,1995,1.70859864067105,0.292250893229124,1.70859864067105,0.292250893229124
Panulirus argus,1996,1.58072382548068,0.312414882440809,1.58072382548068,0.312414882440809
Panulirus argus,1997,1.51724048477971,0.326491811184063,1.51724048477971,0.326491811184063
Panulirus argus,1998,1.48625402052412,0.334216770605407,1.48625402052412,0.334216770605407
Panulirus argus,1999,1.50227175251812,0.353359268842729,1.50227175251812,0.353359268842729
Panulirus argus,2000,1.47996388862733,0.312263584087742,1.47996388862733,0.312263584087742
Panulirus argus,2001,1.59096604767759,0.266741302213481,1.59096604767759,0.266741302213481
Panulirus argus,2002,1.7443855236707,0.30015044466459,1.7443855236707,0.30015044466459
Panulirus argus,2003,1.64012946347627,0.213602787497457,1.64012946347627,0.213602787497457
Panulirus argus,2004,1.82714900797205,0.243682388426321,1.82714900797205,0.243682388426321
Panulirus argus,2005,1.83358610084545,0.210501050307846,1.83358610084545,0.210501050307846
Panulirus argus,2006,1.70586796458085,0.176247578103072,1.70586796458085,0.176247578103072
Panulirus argus,2007,1.91386009356226,0.167892170687539,1.91386009356226,0.167892170687539
Panulirus argus,2008,2.19782245468259,0.164386234169269,2.19782245468259,0.164386234169269
Panulirus argus,2009,2.02454840342464,0.145472038898492,2.02454840342464,0.145472038898492
Panulirus argus,2010,2.09853546062108,0.136977564959595,2.09853546062108,0.136977564959595
Panulirus argus,2011,2.3566489926616,0.156355509462111,2.3566489926616,0.156355509462111
Panulirus argus,2012,2.41321500664349,0.139586606796954,2.41321500664349,0.139586606796954
Panulirus argus,2013,2.45958813543052,0.139793787305244,2.45958813543052,0.139793787305244
Panulirus argus,2014,2.45522511852223,0.138244278051639,2.45522511852223,0.138244278051639
Panulirus argus,2015,2.39457518173778,0.130802255541864,2.39457518173778,0.130802255541864
Panulirus argus,2016,2.38601958776901,0.134651868323104,2.38601958776901,0.134651868323104
Panulirus argus,2017,2.31849989888146,0.132515184652451,2.31849989888146,0.132515184652451
Panulirus argus,2018,2.22416737514291,0.149087450912335,2.22416737514291,0.149087450912335
Panulirus argus,2019,1.63202711734877,0.169266757921354,1.63202711734877,0.169266757921354
Panulirus argus_2,1950,1.25479823319494,0.0161691261803557,1.25479823319494,0.0161691261803557
Panulirus argus_2,1951,0.904413980480706,0.0224333009012451,0.904413980480706,0.0224333009012451
Panulirus argus_2,1952,0.754443341728269,0.0268926635589874,0.754443341728269,0.0268926635589874
Panulirus argus_2,1953,0.716770703044922,0.0283061108346457,0.716770703044922,0.0283061108346457
Panulirus argus_2,1954,0.880295814427822,0.046095847852245,0.880295814427822,0.046095847852245
Panulirus argus_2,1955,0.903874501744101,0.0448933804953391,0.903874501744101,0.0448933804953391
Panulirus argus_2,1956,0.928246955424757,0.0437146404733047,0.928246955424757,0.0437146404733047
Panulirus argus_2,1957,1.13261130181703,0.0537403898341835,1.13261130181703,0.0537403898341835
Panulirus argus_2,1958,1.41541842757807,0.0668932634933172,1.41541842757807,0.0668932634933172
Panulirus argus_2,1959,1.52023897651915,0.0667296105309431,1.52023897651915,0.0667296105309431
Panulirus argus_2,1960,1.59147277872549,0.0722418569325241,1.59147277872549,0.0722418569325241
Panulirus argus_2,1961,1.60087469067034,0.0760421452659264,1.60087469067034,0.0760421452659264
Panulirus argus_2,1962,1.59718904195065,0.0804519311072728,1.59718904195065,0.0804519311072728
Panulirus argus_2,1963,1.5969402257841,0.0889344099740376,1.5969402257841,0.0889344099740376
Panulirus argus_2,1964,1.51206267582284,0.0983993164507909,1.51206267582284,0.0983993164507909
Panulirus argus_2,1965,1.24764794883076,0.0867295553255195,1.24764794883076,0.0867295553255195
Panulirus argus_2,1966,1.18085455378443,0.0973624977133991,1.18085455378443,0.0973624977133991
Panulirus argus_2,1967,1.14796593563807,0.0824780203749255,1.14796593563807,0.0824780203749255
Panulirus argus_2,1968,1.52349444928653,0.119856635353193,1.52349444928653,0.119856635353193
Panulirus argus_2,1969,1.74916531662979,0.11985882902476,1.74916531662979,0.11985882902476
Panulirus argus_2,1970,1.9130760137284,0.137870571075939,1.9130760137284,0.137870571075939
Panulirus argus_2,1971,1.7193301238712,0.137672743172925,1.7193301238712,0.137672743172925
Panulirus argus_2,1972,1.34847120053503,0.115352059916304,1.34847120053503,0.115352059916304
Panulirus argus_2,1973,1.28594282939258,0.105183478351056,1.28594282939258,0.105183478351056
Panulirus argus_2,1974,1.72096706151244,0.141668046334439,1.72096706151244,0.141668046334439
Panulirus argus_2,1975,2.28883830802685,0.176724956246189,2.28883830802685,0.176724956246189
Panulirus argus_2,1976,2.37465764599733,0.165354195697997,2.37465764599733,0.165354195697997
Panulirus argus_2,1977,2.46780062639806,0.171171360984246,2.46780062639806,0.171171360984246
Panulirus argus_2,1978,2.59992370490179,0.192178799907493,2.59992370490179,0.192178799907493
Panulirus argus_2,1979,2.46419525982406,0.196259575076247,2.46419525982406,0.196259575076247
Panulirus argus_2,1980,2.04614328290128,0.173690422698675,2.04614328290128,0.173690422698675
Panulirus argus_2,1981,1.85061236637812,0.175304656663438,1.85061236637812,0.175304656663438
Panulirus argus_2,1982,1.73957378707165,0.152360224051353,1.73957378707165,0.152360224051353
Panulirus argus_2,1983,2.20513478540615,0.219346929615806,2.20513478540615,0.219346929615806
Panulirus argus_2,1984,2.21969122152362,0.202461110573389,2.21969122152362,0.202461110573389
Panulirus argus_2,1985,2.28923430155869,0.210018457060397,2.28923430155869,0.210018457060397
Panulirus argus_2,1986,2.39008433089829,0.226679737484189,2.39008433089829,0.226679737484189
Panulirus argus_2,1987,2.29869252933116,0.22151115763187,2.29869252933116,0.22151115763187
Panulirus argus_2,1988,2.24888357843258,0.229695176256573,2.24888357843258,0.229695176256573
Panulirus argus_2,1989,2.11942597918425,0.2329717644915,2.11942597918425,0.2329717644915
Panulirus argus_2,1990,1.88927154877166,0.229672588368631,1.88927154877166,0.229672588368631
Panulirus argus_2,1991,1.93929932920898,0.256807750449302,1.93929932920898,0.256807750449302
Panulirus argus_2,1992,1.35493078189189,0.410342719936708,1.35493078189189,0.410342719936708
Panulirus argus_2,1993,1.11698662187334,0.414261231821739,1.11698662187334,0.414261231821739
Panulirus argus_2,1994,1.07451961253128,0.489482248260335,1.07451961253128,0.489482248260335
Panulirus argus_2,1995,1.05754673652581,0.494012698695725,1.05754673652581,0.494012698695725
Panulirus argus_2,1996,1.25926280906135,0.566920548193498,1.25926280906135,0.566920548193498
Panulirus argus_2,1997,1.23926323219984,0.507417184329692,1.23926323219984,0.507417184329692
Panulirus argus_2,1998,1.18653529837121,0.49411442683388,1.18653529837121,0.49411442683388
Panulirus argus_2,1999,1.24308780788612,0.622554368569174,1.24308780788612,0.622554368569174
Panulirus argus_2,2000,1.11677216473107,0.660571363369778,1.11677216473107,0.660571363369778
Panulirus argus_2,2001,0.995363086409194,0.578619833652087,0.995363086409194,0.578619833652087
Panulirus argus_2,2002,1.10328919333955,0.606548632927109,1.10328919333955,0.606548632927109
Panulirus argus_2,2003,1.12153083542732,0.59107511251986,1.12153083542732,0.59107511251986
Panulirus argus_2,2004,1.25642349313686,0.579936064110824,1.25642349313686,0.579936064110824
Panulirus argus_2,2005,1.39679115347468,0.483067356057382,1.39679115347468,0.483067356057382
Panulirus argus_2,2006,1.48312534105828,0.445189207979087,1.48312534105828,0.445189207979087
Panulirus argus_2,2007,1.52353799661115,0.373231772361117,1.52353799661115,0.373231772361117
Panulirus argus_2,2008,1.6965727866882,0.396713577812503,1.6965727866882,0.396713577812503
Panulirus argus_2,2009,1.63837762462673,0.332127788770799,1.63837762462673,0.332127788770799
Panulirus argus_2,2010,1.80242724870809,0.333904795534015,1.80242724870809,0.333904795534015
Panulirus argus_2,2011,1.82351369729133,0.348216626027137,1.82351369729133,0.348216626027137
Panulirus argus_2,2012,1.96765790879724,0.375913403061216,1.96765790879724,0.375913403061216
Panulirus argus_2,2013,1.87699042573423,0.394143854093795,1.87699042573423,0.394143854093795
Panulirus argus_2,2014,1.7086106735637,0.422298748212794,1.7086106735637,0.422298748212794
Panulirus argus_2,2015,1.85550062504747,0.520336903661464,1.85550062504747,0.520336903661464
Panulirus argus_2,2016,1.67608001999455,0.536535069173739,1.67608001999455,0.536535069173739
Panulirus argus_2,2017,1.51838164336788,0.575511989763054,1.51838164336788,0.575511989763054
Panulirus argus_2,2018,1.3156936700071,0.584755064853812,1.3156936700071,0.584755064853812
Panulirus argus_2,2019,1.0911050545944,0.69313424905539,1.0911050545944,0.69313424905539
Panulirus argus_3,1950,1.25938417766417,0.0328336263153706,1.25938417766417,0.0328336263153706
Panulirus argus_3,1951,1.06208622850284,0.0726072973559869,1.06208622850284,0.0726072973559869
Panulirus argus_3,1952,0.760761423330928,0.0559701009980829,0.760761423330928,0.0559701009980829
Panulirus argus_3,1953,0.719729981563937,0.0715484148645624,0.719729981563937,0.0715484148645624
Panulirus argus_3,1954,0.72849800776013,0.0691398922683397,0.72849800776013,0.0691398922683397
Panulirus argus_3,1955,0.9292832183393,0.0959962406544367,0.9292832183393,0.0959962406544367
Panulirus argus_3,1956,1.06472105271198,0.10163928973903,1.06472105271198,0.10163928973903
Panulirus argus_3,1957,1.13169218001864,0.114640728061789,1.13169218001864,0.114640728061789
Panulirus argus_3,1958,1.01631283322433,0.102850476234891,1.01631283322433,0.102850476234891
Panulirus argus_3,1959,0.980269211072071,0.117190874514966,0.980269211072071,0.117190874514966
Panulirus argus_3,1960,0.930496288645472,0.120706165458447,0.930496288645472,0.120706165458447
Panulirus argus_3,1961,0.868243577868097,0.116377461555393,0.868243577868097,0.116377461555393
Panulirus argus_3,1962,0.906413961925703,0.131375108063993,0.906413961925703,0.131375108063993
Panulirus argus_3,1963,0.969144142929353,0.138838494402611,0.969144142929353,0.138838494402611
Panulirus argus_3,1964,1.02158879266239,0.132764318512654,1.02158879266239,0.132764318512654
Panulirus argus_3,1965,1.20732015955858,0.170101760919413,1.20732015955858,0.170101760919413
Panulirus argus_3,1966,1.21288073723587,0.157450789679027,1.21288073723587,0.157450789679027
Panulirus argus_3,1967,1.21592657293306,0.151788863034929,1.21592657293306,0.151788863034929
Panulirus argus_3,1968,1.34354174561675,0.177225029167591,1.34354174561675,0.177225029167591
Panulirus argus_3,1969,1.43795934856209,0.172429894545792,1.43795934856209,0.172429894545792
Panulirus argus_3,1970,1.5871948665408,0.196926033746252,1.5871948665408,0.196926033746252
Panulirus argus_3,1971,1.56345898341143,0.180251856480641,1.56345898341143,0.180251856480641
Panulirus argus_3,1972,1.70090485219812,0.207860812127213,1.70090485219812,0.207860812127213
Panulirus argus_3,1973,1.73893316399413,0.223941328977505,1.73893316399413,0.223941328977505
Panulirus argus_3,1974,1.57856277843352,0.228969241912475,1.57856277843352,0.228969241912475
Panulirus argus_3,1975,1.28614933076719,0.211626582832639,1.28614933076719,0.211626582832639
Panulirus argus_3,1976,1.0735635619664,0.216447751130971,1.0735635619664,0.216447751130971
Panulirus argus_3,1977,0.938038443794767,0.28491839834634,0.938038443794767,0.28491839834634
Panulirus argus_3,1978,0.730127380046902,0.337559232311644,0.730127380046902,0.337559232311644
Panulirus argus_3,1979,0.666123291472318,0.444376718214944,0.666123291472318,0.444376718214944
Panulirus argus_3,1980,0.735798033906007,0.430570402049252,0.735798033906007,0.430570402049252
Panulirus argus_3,1981,0.74173555150806,0.333105389794492,0.74173555150806,0.333105389794492
Panulirus argus_3,1982,0.909867620695253,0.30883234925423,0.909867620695253,0.30883234925423
Panulirus argus_3,1983,0.954465884253187,0.277115705083516,0.954465884253187,0.277115705083516
Panulirus argus_3,1984,1.34140342344358,0.236600326574231,1.34140342344358,0.236600326574231
Panulirus argus_3,1985,2.13193828460595,0.179270788090459,2.13193828460595,0.179270788090459
Panulirus argus_3,1986,1.97088789392171,0.158848397334928,1.97088789392171,0.158848397334928
Panulirus argus_3,1987,2.12711554824714,0.167512474215591,2.12711554824714,0.167512474215591
Panulirus argus_3,1988,2.447512858621,0.161222514505059,2.447512858621,0.161222514505059
Panulirus argus_3,1989,2.13644935697501,0.212013351541021,2.13644935697501,0.212013351541021
Panulirus argus_3,1990,1.71440788986131,0.257749683247446,1.71440788986131,0.257749683247446
Panulirus argus_3,1991,1.53999100709769,0.357845680335797,1.53999100709769,0.357845680335797
Panulirus argus_3,1992,1.41428109330136,0.376791548403948,1.41428109330136,0.376791548403948
Panulirus argus_3,1993,1.64221434240739,0.337255643093635,1.64221434240739,0.337255643093635
Panulirus argus_3,1994,1.7994005751235,0.325164980616429,1.7994005751235,0.325164980616429
Panulirus argus_3,1995,2.27098648667742,0.255228045993885,2.27098648667742,0.255228045993885
Panulirus argus_3,1996,2.95449421166001,0.204940429091309,2.95449421166001,0.204940429091309
Panulirus argus_3,1997,2.70061586620984,0.212594779212689,2.70061586620984,0.212594779212689
Panulirus argus_3,1998,2.24741859908306,0.237750041240294,2.24741859908306,0.237750041240294
Panulirus argus_3,1999,2.52436165160565,0.243128731278799,2.52436165160565,0.243128731278799
Panulirus argus_3,2000,2.32626680053013,0.26046248267314,2.32626680053013,0.26046248267314
Panulirus argus_3,2001,2.07669367947914,0.219076182215461,2.07669367947914,0.219076182215461
Panulirus argus_3,2002,2.94633093606539,0.215125415880385,2.94633093606539,0.215125415880385
Panulirus argus_3,2003,2.42499485355959,0.264057494189059,2.42499485355959,0.264057494189059
Panulirus argus_3,2004,2.21438811205429,0.274570675286305,2.21438811205429,0.274570675286305
Panulirus argus_3,2005,1.90050006189368,0.301774239950575,1.90050006189368,0.301774239950575
Panulirus argus_3,2006,1.77088883688129,0.314978259453371,1.77088883688129,0.314978259453371
Panulirus argus_3,2007,1.59284280015208,0.293344431170656,1.59284280015208,0.293344431170656
Panulirus argus_3,2008,1.56689143903876,0.28956976048529,1.56689143903876,0.28956976048529
Panulirus argus_3,2009,1.64951710286224,0.288018344125116,1.64951710286224,0.288018344125116
Panulirus argus_3,2010,1.8828596429238,0.33910836132601,1.8828596429238,0.33910836132601
Panulirus argus_3,2011,1.85784263885211,0.312812620185218,1.85784263885211,0.312812620185218
Panulirus argus_3,2012,1.82317868346071,0.331912961453975,1.82317868346071,0.331912961453975
Panulirus argus_3,2013,1.60813032468155,0.28765627877208,1.60813032468155,0.28765627877208
Panulirus argus_3,2014,1.58813809812017,0.300182234844616,1.58813809812017,0.300182234844616
Panulirus argus_3,2015,1.62743412846945,0.297027049892336,1.62743412846945,0.297027049892336
Panulirus argus_3,2016,1.71561491269229,0.334355009475291,1.71561491269229,0.334355009475291
Panulirus argus_3,2017,1.5491340456187,0.319846074216721,1.5491340456187,0.319846074216721
Panulirus argus_3,2018,1.34250209383582,0.335526523832518,1.34250209383582,0.335526523832518
Panulirus argus_3,2019,1.02771584994032,0.316830449988552,1.02771584994032,0.316830449988552
